subset,weights,return,volatility,sharpe_ratio
"('WBA', 'MDLZ', 'PLTR', 'AMZN')","{'WBA': 0.1348158876877965, 'MDLZ': 0.7173739456843048, 'PLTR': 0.058477820325933176, 'AMZN': 0.08933234630196547}",32.45473493282801,3.3959482467759576,9.54217572767559
