subset,weights,return,volatility,sharpe_ratio
"('WBA', 'MDLZ', 'PLTR', 'AMZN')","{'WBA': 0.13862028941654628, 'MDLZ': 0.6715558359508378, 'PLTR': 0.04034279352264517, 'AMZN': 0.14948108110997063}",26.32155471811328,3.3338667376294295,7.88020541480727
