subset,weights,return,volatility,sharpe_ratio
"('TSLA', 'NVDA', 'PLTR')","{'TSLA': 0.1000149859135192, 'NVDA': 0.8357756234076554, 'PLTR': 0.06420939067882532}",188.15929573810416,8.196525004440856,22.949883717329847
