subset,weights,return,volatility,sharpe_ratio
"('TSLA', 'NVDA')","{'TSLA': 0.17691166357235527, 'NVDA': 0.8230883364276447}",188.60455028230274,8.138509271917162,23.16819259921855
